{
  "hash": "52cb7da3",
  "configHash": "6705561b",
  "lockfileHash": "b2b77e31",
  "browserHash": "68663e4c",
  "optimized": {
    "@angular/common": {
      "src": "../../../../../../node_modules/@angular/common/fesm2022/common.mjs",
      "file": "@angular_common.js",
      "fileHash": "2e1c5422",
      "needsInterop": false
    },
    "@angular/core": {
      "src": "../../../../../../node_modules/@angular/core/fesm2022/core.mjs",
      "file": "@angular_core.js",
      "fileHash": "55b4043f",
      "needsInterop": false
    },
    "@angular/forms": {
      "src": "../../../../../../node_modules/@angular/forms/fesm2022/forms.mjs",
      "file": "@angular_forms.js",
      "fileHash": "6b9e1c35",
      "needsInterop": false
    },
    "@angular/platform-browser": {
      "src": "../../../../../../node_modules/@angular/platform-browser/fesm2022/platform-browser.mjs",
      "file": "@angular_platform-browser.js",
      "fileHash": "45f7def2",
      "needsInterop": false
    },
    "@angular/platform-server": {
      "src": "../../../../../../node_modules/@angular/platform-server/fesm2022/platform-server.mjs",
      "file": "@angular_platform-server.js",
      "fileHash": "92f74703",
      "needsInterop": false
    },
    "@angular/router": {
      "src": "../../../../../../node_modules/@angular/router/fesm2022/router.mjs",
      "file": "@angular_router.js",
      "fileHash": "35592a08",
      "needsInterop": false
    },
    "@angular/ssr": {
      "src": "../../../../../../node_modules/@angular/ssr/fesm2022/ssr.mjs",
      "file": "@angular_ssr.js",
      "fileHash": "a33916a8",
      "needsInterop": false
    },
    "@angular/ssr/node": {
      "src": "../../../../../../node_modules/@angular/ssr/fesm2022/node.mjs",
      "file": "@angular_ssr_node.js",
      "fileHash": "5fe95a1b",
      "needsInterop": false
    },
    "axios": {
      "src": "../../../../../../node_modules/axios/index.js",
      "file": "axios.js",
      "fileHash": "524548ca",
      "needsInterop": false
    },
    "express": {
      "src": "../../../../../../node_modules/express/index.js",
      "file": "express.js",
      "fileHash": "8aa3d844",
      "needsInterop": true
    }
  },
  "chunks": {
    "xhr2-HQX5CY5B": {
      "file": "xhr2-HQX5CY5B.js"
    },
    "chunk-6KDL6NL6": {
      "file": "chunk-6KDL6NL6.js"
    },
    "chunk-O2NOQLYU": {
      "file": "chunk-O2NOQLYU.js"
    },
    "chunk-DWKISWKX": {
      "file": "chunk-DWKISWKX.js"
    },
    "chunk-SOQ5NGZ3": {
      "file": "chunk-SOQ5NGZ3.js"
    },
    "chunk-V3YBCJXR": {
      "file": "chunk-V3YBCJXR.js"
    },
    "chunk-HMEHGCNY": {
      "file": "chunk-HMEHGCNY.js"
    },
    "chunk-DIDOQX5R": {
      "file": "chunk-DIDOQX5R.js"
    },
    "chunk-ANGF2IQY": {
      "file": "chunk-ANGF2IQY.js"
    }
  }
}